{
    "timestamp": "2025-06-29 00:12:52",
    "accuracy": 0.7091836734693877,
    "confusion_matrix": [
        [
            176,
            0,
            61,
            5
        ],
        [
            6,
            115,
            38,
            1
        ],
        [
            3,
            1,
            228,
            2
        ],
        [
            13,
            0,
            98,
            37
        ]
    ],
    "classification_report": {
        "Bacterial_Pneumonia": {
            "precision": 0.8888888888888888,
            "recall": 0.7272727272727273,
            "f1-score": 0.8,
            "support": 242.0
        },
        "Covid": {
            "precision": 0.9913793103448276,
            "recall": 0.71875,
            "f1-score": 0.8333333333333334,
            "support": 160.0
        },
        "Normal": {
            "precision": 0.5364705882352941,
            "recall": 0.9743589743589743,
            "f1-score": 0.6919575113808801,
            "support": 234.0
        },
        "Viral_Pneumonia": {
            "precision": 0.8222222222222222,
            "recall": 0.25,
            "f1-score": 0.38341968911917096,
            "support": 148.0
        },
        "accuracy": 0.7091836734693877,
        "macro avg": {
            "precision": 0.8097402524228081,
            "recall": 0.6675954254079254,
            "f1-score": 0.6771776334583461,
            "support": 784.0
        },
        "weighted avg": {
            "precision": 0.79203419298754,
            "recall": 0.7091836734693877,
            "f1-score": 0.6959151849312457,
            "support": 784.0
        }
    }
}